Week,Date,Plan,Acutal,RPE (1-10),心情 (1-5),Feeling,Feedback
1,29/9/2025,6–8 km @ 6:00–6:20/km,5.21k @ 23:10 4:27/k,5,5,"Weather getting cooler and was faster the first program, feeling I can go faster than increase the speed without noticing","Great energy, but wrong zone for the day. 4:27/km is around MP/steady for you, not easy. It’s fine once, but we don’t want easy days turning into quality—consistency beats hero reps. 
Google Docs

Slight under-distance (5.2 km vs 6–8 km) isn’t a big deal, but the intensity traded for volume. Next time, better to hit the volume at true easy."
,30/9/2025,,,,,,
,1/10/2025,6–8 km easy + 4×20s strides,,,,,
,2/10/2025,6–7 km easy,7.44k @38:58 5.14/k,4,3,"Not having a good day, bit down on mood. Finish the run after work and take a quick nap, slow pace then easy breathing and legs felt light too. The left toe feels a bit hurt after the run though.","✔ 1. Distance is perfect

You hit the planned volume (slightly above 7 km). That’s good.

⚠ 2. Pace was too fast for an easy day

Your easy-day range right now is roughly 5:45–6:15/km, but you averaged 5:14/km, which is close to your steady pace / moderate aerobic zone.

Even if it feels light, the impact on fatigue and recovery is real — especially because your body is still building back up.

Going too fast on easy days will hurt your quality workouts and long runs later.

⸻

⚠ 3. RPE 4 means it wasn’t truly easy

Easy runs should feel like RPE 2–3. If mood was down and legs felt light, it was tempting to move faster, but we need to protect the training structure.

⸻

⚠ 4. Toe pain → early warning sign

Any pain in the left toe after the run means:
	•	Slight overloading
	•	Possibly tight shoes when pace increases
	•	Or early tendon/joint irritation

We’ll watch that. If it hurts again on the next run, we adjust immediately."
,3/10/2025,,,,,,
,4/10/2025,14–16 km @ 5:30–5:45/km,14.74k@1:19:41 / 5:24k,5,5,"Cloudy day, running in the morning and at a moderate temperature, not as cool as running at night so the speed would slow down a bit. In general leg is not too heavy and have a chill run, stopped a few times for water though","You executed well in terms of volume, but the intensity crept up above “easy.”
This wasn’t a disaster — but we need to reinforce discipline on long run pace, because:

“You get better at marathon pace by training below and above it — not by accidentally running every run near it.”

5:24/km sits right between your easy pace and future marathon pace, meaning it’s neither recovery nor specific workout — it’s gray zone."
,5/10/2025,,27.39k,,,,
2,6/10/2025,"

6–8 km 5:45–6:15/km",7.45k@39:18 / 5:17,3,5,"Cool weather, easy run didn't feel much fatigue from the run, refreshing. I think this pace is good enough for me as slow and recovery run, I can only run slower if I'm with someone or else it would be too bored for me to finish the run ","You felt easy — but 5:17/km is not physiologically easy, even if it feels smooth.

At your current fitness, 5:17/km is sitting right in the “gray zone” — not hard enough to stimulate adaptation, not easy enough to promote recovery. It feels fine now, but consistently doing this will:
	•	Accumulate hidden fatigue
	•	Make future tempo / long runs harder
	•	Possibly lead to niggles (like the toe from before)"
,7/10/2025,,,,,,
,8/10/2025,"6–8 km
4:20–4:25/km (tempo segment)",6.23k@27:44 / 4:27,5,5,"Bit hotter than the previous run, can't run that fast. Start slow and end faster but overall a bit slower than the expected pace, haven't been running tempo for a while, couldn't kept the speed for the whole time so I stopped a few times to recover","This is a solid first tempo back after a break.
Even though you stopped a few times, the effort zone was correct, and the average pace still sits right around your threshold zone.

👉 The main issue wasn’t fitness — it’s tempo endurance (ability to hold discomfort steadily), which will come back quickly in 2–3 sessions."
,9/10/2025,"6–7 km
5:45–6:15/km","5.09k@25:55 / 5:05
1hr HIIT",3,5,"Attend the running club and didn't find my friends so I kind of running faster just to catch up, still didn't catch up but turns out be a faster run. HIIT itself is not intense but focus on legs this time","Ran faster than planned while trying to catch up with the group; ended up doing 5.09 km @ 5:05/km plus 1 hr of leg-focused HIIT. Effort was solid, but overall intensity was moderate. Good aerobic and muscular work — just monitor fatigue before your next key session.

You handled the day well 👍 — that mix of a slightly faster run + lower-intensity HIIT is excellent balance. For recovery, take your next run easy (5:30–5:45/km) to keep legs fresh for the weekend long run."
,10/10/2025,,,,,,
,11/10/2025,"15–16 km
5:35–5:45/km first 10 km 
last 2–3 km 5:15–5:20/km",,,,,
,12/10/2025,,15.73k@1:23:38 / 5:19,3,5,"Saturday is raining then I switched my run to Sunday, easy stride easy run. I stopped a few time just to switch my podcast but that makes the distance reduce a little bit. My inner feet hurt a bit as I switch to an old damaged shoes, I might retired that shoes, it was scratching only nothing related to fatigue.","You ran longer and faster than the planned target (15.73 km at 5:19/km vs 14–16 km at 5:30–5:45/km), but your RPE was only 3, so the effort clearly stayed comfortable. That’s a good sign of improving aerobic strength. The only red flag is the foot irritation from the old shoes — definitely retire that pair so it doesn’t become a lingering issue.

Because this was supposed to be an easy long run, just make sure today’s faster pace doesn’t bleed into next week’s recovery. As long as your legs feel good and you stick to the right intensities in the coming sessions, no harm done. Let me know if the foot still feels off tomorrow."
,Week 2 summary,,34.5k,,,,"You’re clearly in good aerobic shape — your “easy” pace is naturally drifting faster. The main risk right now isn’t fitness, it’s cumulative fatigue and overtraining by stealth.

Big positives:
	•	No lingering fatigue despite faster pacing
	•	Left toe is fully fine ✅
	•	Tempo work is back in the mix
	•	Long run done strong even with a schedule swap
	•	HIIT + runs didn’t overload you

Minor warnings:
	•	Easy/recovery runs are consistently too fast
	•	Shoe-related irritation (ditch that pair now)
	•	Trekking next week will add leg load even if not “training”"
3,13/10/2025,,,,,,
,14/10/2025,,,,,,
,15/10/2025,,,,,,
,16/10/2025,,,,,,
,17/10/2025,,,,,,
,18/10/2025,,,,,,
,19/10/2025,,10.02k @ 57:55 / 5:47,3,5,"Easy run with my dad, though after 3 days of hike in yarigatake, my thighs are still a bit sore and have blisters at my feet. For this pace it was more like recovery run so it is ok, the hike itself isn't really tiring as it was separated with enough rest, except the last day coming down it was a bit fast and it cause some sore and stiffness building up",
4,20/10/2025,Rest or 4–5 km VERY easy jog,,,,,
,,,,,,,
,21/10/2025,,,,,,
,22/10/2025,Easy run 6–7 km @ 5:45–6:15/km,,,,,
,23/10/2025,5 km easy,5.73k@32:49 /5:44,1,5,Was a bit sick so do a recovery run and running to a nearby burger place,"That’s exactly the right call — low-intensity, short distance, and keeping the body moving while still respecting recovery. The 5:44/km pace fits well for a true easy run. No need to make up missed sessions this week — we’ll reset normal training next week once you’re fully back to normal."
,24/10/2025,,,,,,
,25/10/2025,12–14 km @ 5:35–5:50/km,,,,,
,26/10/2025,,,,,,
5,27/10/2025,"3 km @ tempo (4:45–4:55/km)

2 min jog recovery

2 km @ slightly faster (4:30–4:40/km)","5.96k@28:15/4:45
1k slow jog",3,5,"Haven't been running properly for a while, feels good to be back for a run. Start off slow jog for 1k then start picking up the pace, after 3k rest for a bit then start the second half of the run. Felt light for myself after the rest while after finishing the first half feeling a bit out of breath. In general great run, hoping to pick up my pace and gradually increasing the intensity of the program","✅ Solid restart — You hit the intended tempo effort almost perfectly. Averaging 4:45/km is right in the sweet spot for your target zone.
💨 The structured rest after 3K worked as intended — helped you maintain good form and re-engage the legs for the faster finish.
❤️ Effort (3) and feel (5) show you managed intensity well — perfect for a comeback after missed weeks.
⚙️ Good sign that you felt light after the break; that means your aerobic base held up despite the skipped weeks."
,28/10/2025,,,,,,
,29/10/2025,,,,,,
,30/10/2025,6–7 km @ 5:45–6:10/km,"3.51k@17:48 / 5:04
1hr hiit",2,5,"chill recovery run, HIIT were mainly foucs on core and feels a bit effect on my abs now","✅ Even though you ran faster than the prescribed pace, it’s fine since the distance was short and effort stayed light (RPE 2).
💪 The core-focused HIIT adds good balance to your training — strong abs help stabilize your form during long runs.
⚠️ Just be mindful not to let all your “easy” runs drift into 5:00/km range — it can limit recovery over time."
,31/10/2025,,,,,,
,1/11/2025,17–18 km @ 5:25–5:40/km,,,,,
,2/11/2025,,17.25k@1:32:24 / 5:21,4,5,"Running at a chill pace but I think I haven't been doing long run for quite a while, my breath and legs didn't catch right up. The first half is still alright I didn't stop and can go on, but coming back my knees starting to feel a bit pain, my feet also hurt a bit but not from the muscle but the contact from my shoes. Maybe the running form was not that good? Overall not a tough one I can kept the same distance but just need some time to pick up the program","✅ You managed the target distance well and held a pace slightly faster than prescribed (5:21/km vs. 5:25–5:40/km). That shows your aerobic base is still strong.
⚠️ The knee and foot discomfort suggest mild form breakdown and muscle fatigue from not having done long runs recently. Nothing alarming, but good to address early.
🦶 Check your shoe wear (especially midsole compression) and lacing — that “contact pain” is often from worn cushioning or slightly uneven strike."
6,3/11/2025,"5–6 km @ 5:40–6:00/km
 (optional)",,,,,
,4/11/2025,,,,,,
,5/11/2025,"6–7 km total — include 
3–4 km @ 4:40–4:50/km",6.79k@31:32 / 4:39,4,5,"Weather was cold so I ran a bit faster, starter at comfortable pace but gradually increasing, stop twice to rest a bit and kept going again. Slow down at around 5-6k and slowly jog 1k back","✅ You nailed the pace range — slightly faster (4:39/km average) but still controlled. Great aerobic efficiency despite the cold weather.
⚠️ Two short stops suggest your stamina at tempo pace is still rebuilding, which is expected after recent inconsistent weeks.
💡 The way you eased off and jogged back for cooldown was perfect — that keeps recovery smooth and prevents tightness.

Strong tempo effort, on-pace and well controlled. Slight fatigue mid-run but finished smoothly. Stamina improving — great sign for base rebuild."
,6/11/2025,"5–6 km @ 5:45–6:10/km +
 40–60 min HIIT (core/legs)",,,,,
,7/11/2025,,8.04k@46:19 / 5:46,2,5,"Light jog from my home to ikebukuro, stop a few time at the light. Try to stay at a very very slow pace without running to a point I forgot about should run at a chill pace. Nice run","Keep the long run tomorrow as planned — you’re in a good position to handle it well.
Maybe start the first 5 km extra slow (even slower than usual), then settle into your normal endurance pace."
,8/11/2025,16–18 km @ 5:25–5:40/km,,,,,
,9/11/2025,,16:57k@1:26:46 / 5:14,3,5,"Went out for a run after the rain is stopping, moved the run to sunday as I am busy at saturday. Whole run feels easy without acutally feeling tired and need to stop, should be the continous long run having some improvement. Only a bit hungry at the middle of the run.","This shows your aerobic base is growing rapidly again after the hiking/cold gap.
You’re sustaining a pace that used to be moderate effort for you — now it’s a steady aerobic cruise. That’s a strong fitness rebound.

The hunger mid-run suggests your glycogen stores were a bit low (normal if you ran before a big meal). You can start introducing a small fuel (like a gel at 8–10 km) when these long runs push over 90 minutes, to build fueling habits for race day."
7,10/11/2025,2 km warm-up jog → 5 km @ 4:35–4:45/km → 1 km cool-down,"5.07k@23:11 / 4:35
1.53k@8:32 / 5:36",3,5,"Felt a bit tired while going fast, I always knew I am not so good at faster pace. If I am running at slower pace I can go further and longer but once I reach a certain pace I would want to stop and rest. I have rest a few times in this run. After running the 5k I did a chill jog back. I am thinking is the program needed to have some interval?","What you described (strong endurance at moderate pace but fatigue once pushing faster) is very common for marathon-focused runners — it means your aerobic base is solid, but your lactate threshold and running economy at higher intensities need sharpening.

Let’s analyze your session:

5 km @ 4:35/km — solid target pace, but since you needed short rests, that indicates your threshold pace (where fatigue starts building) currently sits around 4:45–4:50/km."
,11/11/2025,,,,,,
,12/11/2025,"9–10 km @ 5:15–5:30/km
After 5 km, 3 × 100m strides",9.03k@49:10 / 5:27,2,5,"Chill run, thought I would be going faster but stopping a lot of time at the light. Bit hungry and cold so run 9k instead of 10, also the 100m strides x3 feels good, it's always nice to have some different pace in the middle of the run, I did each 100 fast and 100 slow.","You held a steady aerobic effort (5:27/km) within target pace.

You added short strides correctly — those 100m fast/100m slow patterns help activate your neuromuscular system and gently introduce speed without real fatigue.

Feeling hungry and cold but still completing 9 km shows good discipline and aerobic strength.

✅ Training effect: improved running economy and leg turnover while staying in an easy zone.
⚠️ Minor adjustment: on cold days, eat a small snack (banana, onigiri, or half protein bar) ~30 min before running to avoid mid-run hunger."
,13/11/2025,6–7 km @ 5:45–6:00/km,"5.36k@35:49 / 6:41
1 hr HIIT",1,,"Run with running club friends while talking, good session and HIIT","This is exactly how an easy/recovery day should feel.

Social run + strength is perfect.

Pace was intentionally slow → excellent discipline."
,14/11/2025,,,,,,
,15/11/2025,"18–19 km total → first 14 km @ 5:25–5:35/km, last 4–5 km @ 5:00–5:10/km",18.02k@1:37:29 / 5:25,3,,"Run starting to get longer and longer, should start brough some gel but the weather is nicer and no need to stop for water and can run all the way back. But running pretty chill without going up the pace, would be adjusting the pace next time.","You held the upper end of the target long-run pace (5:25/km) comfortably.

No water/gels needed in cool weather = aerobic base improving.

You didn’t push the last 4–5 km, but completing 18 km comfortably is more important at this stage."
,16/11/2025,,,,,,
8,17/11/2025,"2 km warm-up

4 × 1 km @ 4:20–4:30/km, 2 min jog between

1–2 km cool down","1.05k@5:41/5:23
4.03k@17:37/4:23
1.85k@10:48/5:50",5,,"Interval was pretty intense for me, haven't been going fast for a while and I need some time to adjust. The first two was in the designated time but the third one drop to 4:41 so the last one I picked up a bit more. Not impossible to finish but I think I will need more interval sessions to build up my vo2 max again. The others are simply warm up and cool down jog","What you did well:
You hit the target pace perfectly for the first two reps (4:23 avg).
You fought through rep 3 even when it got hard — that’s exactly how VO₂max sessions should feel.
You finished strong with a faster rep 4 after losing pace on rep 3. Great mental strength.
Warm-up and cooldown were appropriate and long enough.

What this tells me:
Your speed endurance is not fully back yet, which is normal because:
You had a break from quality runs (cold + trekking weeks).
You’ve been focusing more on threshold/steady work recently.
Your VO₂max ceiling is still high, but your ability to repeat fast reps is temporarily lower.
This type of workout is exactly what will sharpen your 10K performance.

This was a 5/5 session — strong, controlled, productive."
,18/11/2025,,,,,,
,19/11/2025,"8–10 km @ 5:15–5:30/km

Finish with 4 × 80m relaxed strides",8.67k@44:01/ 5:05,3,,"Good run, weather is cold so goes a bit faster without checking the pace. Also forgot the strides after the run, but I guess going faster is compensating for that? Feeling good for this run though","This was a very solid aerobic run — running at 5:05/km in cold weather is totally fine, especially since it felt relaxed and you didn’t force the pace. The effort matches what an 8–10 km endurance day should feel like, so there’s no harm from forgetting the strides. The slightly quicker pace already gives you a bit of neuromuscular stimulus, so it effectively replaces the strides for today. Most importantly, your comment about “feeling good” is exactly what we want mid-week: smooth effort, no strain, and good recovery signs. We stay on track for Thursday’s session without any adjustments."
,20/11/2025,"5–7 km @ 5:45–6:10/km (talking pace)

If club does HIIT, keep intensity low–moderate only","5.32k@29:39 / 5:35
1hr HIIT",1,,"easy day, chill run with friends and HIIT mainly foucs on thighs","Great job keeping this truly easy — 5.32 km at 5:35/km sits right where an aerobic recovery run should be, and pairing it with a light-to-moderate HIIT session focused on legs is okay since the duration was manageable. The key is that your perceived effort was low, which is exactly what we want between quality days. This session supports good blood flow and leg activation without adding fatigue, so you’re well set up for Saturday’s long run. Keep your Friday rest or ultra-easy, and your legs should feel refreshed going into the weekend."
,21/11/2025,,,,,,
,22/11/2025,"16–17 km

First 12 km @ 5:25–5:40/km

Last 4–5 km @ 5:10–5:20/km",,,,,
,23/11/2025,,,,,,
,24/11/2025,,18.00k@1:34:06/5:14,3,,"Skipped the Saturday run and feel pretty powerful today, started the run in a cold weather so start in a faster pace but feels ok today so going all the way forward in the same pace. Feeling strong so probably can handle a higher intensity run","18 km @ 5:14/km is faster than target, but your RPE shows it was controlled (RPE 3), not forced.
	•	Cold weather + fresh legs from skipping Saturday naturally gave you extra speed — that’s fine.
	•	You held consistent aerobic pace with no fade, which is a great sign your aerobic base is strengthening.
	•	This suggests you’re ready to start gradually raising the intensity on your mid-week sessions, just like you asked before."
,25/11/2025,,,,,,
,26/11/2025,"2 km warm-up
6 km @ 4:40–4:45/km
2 km cool-down","1.02k@5:18/5:12
6.02k@28:16/4:42
1.48k@7:53/5:19",5,,"Actually the 6k is a bit tough for me, not sure is my condition not so good today or what. The pace drop to around 5min at the middle and I stopped at 3k to take a rest and pick up again. Not like I cannot finish this program and this is a really tough one but my mind want to stop and chill out","You still completed the required 6 km tempo in the correct pace range (average 4:42).
Your warm-up and cool-down were solid.
RPE 5 means right on target for this intensity.
This workout will boost your threshold for the upcoming 10k and the half marathon in Feb.
Nothing is wrong with your fitness — your mind felt it because this is a breakthrough-type workout."
,27/11/2025,"6–7 km @ 5:45–6:00/km
4 × 80m strides",7.17k@36:36/5:06,2,,"Chill run, a bit sad worrying about situation in hong kong so didn't go to run club. Stopped once at the middle but not tired simply stopping for a round","✔ Fitness level
7.17 km at 5:06/km on what was supposed to be 5:45–6:00/km shows:
Aerobic system strong
Cold weather helping you hold efficiency
Your “easy pace” is naturally drifting faster → sign of progress
✔ Stopping once
Totally fine. This wasn’t a fatigue stop — more a mental reset. Emotional load absolutely affects running. The fact you kept pace well indicates your body is fine."
,28/11/2025,,,,,,
,29/11/2025,"12–13 km total
	•	First 8 km @ 5:25–5:40
	•	Last 4–5 km @ 5:05–5:15 (comfortably strong)",12.89k@1:07:24/5:14,3,,"Feeling actually a bit fatigued in my legs, it's not like I will be stopping within this 12k but the run is not as smooth as usual, or maybe I didn't keep track of my pace, I was thinking only 12k so I have been going faster thinking I can definitely finishing strong even if I go fast a little bit. In general easy run but not as feeling good as the usual long run",Faster-than-planned long run with noticeable leg fatigue. Finished strong but run felt less smooth than usual. Probably due to accumulated fatigue from earlier sessions. Still a solid execution and shows improving aerobic base. Will keep next week steady and avoid increasing long-run distance.
,30/11/2025,,,,,,
,1/12/2025,"6–7 km @ 5:45–6:10/km
+ 3 × 100m relaxed strides",7.41k@40:31/5:28,2,,"Forgot about the stides, but really relax run. Chill but a bit faster than the expected pace","Your Monday run was a solid, controlled aerobic session — the slightly faster-than-prescribed pace is not a concern as long as it felt relaxed, and your note suggests it genuinely did. Missing the strides won’t harm the week at all; the important part is that you showed up and kept the effort smooth after a weekend with some fatigue. This sets you up well for the upcoming workouts, and it’s good that you didn’t push harder to “make up” for anything. Consistency > perfection."
,2/12/2025,,,,,,
,3/12/2025,"2 km warm-up
5 × 1 km @ 4:20–4:30/km
2 min jog between reps
1–1.5 km cool-down","1.04k@5:28
5.05k@22.01/4:22
0.91k@5:39",5,,"For the 5k each k I can kept the pace around 4:20 without dropping much and even go further but need to slow down a bit. It was tough and I feel my lungs had a bit pain due to the out of breath but it was manageable. I thought 4:20 was easier back when I was running with my running club back in hong kong. Maybe when I was running with others with the same pace it will be easier and I can follow someone's pace, also I will felt like I can't lose then I will go faster. Running alone is hard to keep up the pace and going out to run alone is pretty tough in the cold wind. My pace and the effort right now I really not sure if I can make it even sub310","Your 1 km repeats at 4:20 pace were an excellent session — you held the pace consistently, stayed within the target window, and even had extra gear but wisely held back. The lung discomfort is simply the body’s response to colder air plus working near lactate threshold; it doesn’t indicate poor fitness. Running fast reps alone in winter is always harder, and you’re right that pack running feels easier due to drafting, shared rhythm, and competitive drive. The fact that you hit every rep solo in the cold actually shows your fitness is stronger than you think. This session is exactly on track for half-marathon pace development, and absolutely consistent with sub-3:10 marathon potential later — you’re not supposed to “feel like a 3:10 runner” in December, you’re supposed to train toward it. You’re doing the work."
,4/12/2025,5–7 km @ 5:45–6:15/km (talking pace),"5.24k@30:15/5:46
1hr hiit",1,,"Easy run with club member, hiit focus on abs and bicep, feel it in my body the next day ","Great job keeping the easy run truly easy — your 5:46/km pace is right inside the talking-pace range. Running with a club member naturally sets a relaxed rhythm, which is ideal before HIIT. The HIIT session focusing on abs and biceps will definitely create DOMS the next day, but this doesn’t interfere with running performance too much because the main impact muscles (glutes, quads, hamstrings) weren’t overloaded. Overall, this was a well-balanced recovery day, and the light cardio + upper-body focused HIIT is totally fine within the weekly structure."
,5/12/2025,,,,,,
,6/12/2025,"15–17 km total
First 12 km @ 5:20–5:35/km
Last 3–5 km @ 5:00–5:10/km",16.82k@1:28:19/5:15,3,,"Good long run, nice weather, sleep well, easy finish without any pain or fatigue. No need to stop or whatever straight back to home ","This was an excellent long run — controlled, steady, and finished strong. Your 5:15/km average suggests you handled the “faster last section” more naturally than usual, helped by good sleep and good weather. The lack of fatigue, no stopping, and smooth finish all show your aerobic base is getting very solid. This is the kind of long run that quietly builds marathon strength: relaxed middle pacing, stable heart rate, and strong legs even late into the run. This is a big confidence-building session, and exactly what we want at this phase of training."
,7/12/2025,,,,,,
,8/12/2025,"2 km warm-up
4 km @ 4:45–4:50/km
1.5–2 km cool-down",5.25k@24:28/4:40,3,,"It was too cold and I got out late so I didn't do the warm up and cool down but ran a bit more distance. Feeling strong today and the pace goes up a bit, nice run","Running 4:40/km in cold weather is very normal — cold air naturally makes you drift faster because your HR stays lower early in the run.

Even without the warm-up, the run was smooth, you didn’t spike too fast, and no muscle tightness or pain reported → that means your baseline aerobic strength is improving.

Skipping cool-down also isn’t harmful as long as you walked a bit and didn't instantly sit down."
,9/12/2025,,,,,,
,10/12/2025,"6–7 km @ 5:40–6:00/km
+ 4 × 100m relaxed strides",,,,,
,11/12/2025,5–6 km @ 5:45–6:10/km,7.28k@37:10/5:06,2,,"It was easy for me, I was pretty stable for this run except a few kms I went faster and go over 5min, the heart rate was around 153 and overall a good run. Feeling stress from work today so wanna do a longer and faster run to get that out of my chest","Great job getting the run done — and honestly, this was totally fine.
Yes, the pace was faster than prescribed, but:

HR ~153 is still in an aerobic / moderate zone for you

You didn’t turn it into a tempo

You stayed stable

You’re not reporting fatigue afterward

So it won’t hurt your training at all.

Also, using running to release stress is completely normal — just as long as you don’t habitually turn every easy day into a medium-hard day. Once in a while = totally okay."
,12/12/2025,,,,,,
,13/12/2025,"17–18 km total

First 12 km @ 5:25–5:40/km

Last 5–6 km @ 5:05–5:15/km",18.02k@1:34:26/5:14,3,,"My breath is ok and can handle the run pretty well, but somehow my hamstring on my right foot is a bit tight. It faded away after a while but in the middle I still felt it for a period of time, I don't think it was affecting my performance maybe I simply didn't do warm up and causes this","18.0 km @ 5:14/km with a faster finish is exactly what we want at this stage:
	•	Breathing under control
	•	No need to stop
	•	Strong, even pacing
	•	Finished without accumulating fatigue

This confirms your aerobic base is solid and still improving.

⸻

⚠️ About the right hamstring tightness

What you described is classic “cold + no warm-up” tightness, not an injury signal:
	•	Appeared early → faded later
	•	Did not worsen as pace increased
	•	Did not affect stride or performance
	•	No lingering pain afterward (based on your description)

This is very common in winter, especially on progression long runs.

Not a red flag unless:
	•	It shows up again in the next 1–2 runs
	•	It becomes sharp or localized
	•	It persists after running or the next morning

Right now, this is a yellow flag only, not red."
,14/12/2025,,,,,,
,15/12/2025,"7–8 km @ 5:40–6:00/km
+ 4 × 100m relaxed strides",7.51k@39:12/5:13,2,,"Easy run, no pain in any parts. Split the run in two parts, I went running back from some places to home in my jacket in a slower pace and after that change back to normal running suit and finsih the rest. Didn't do the strides thoough","Effort 2/5 → perfect for an easy day
Pace drifted faster than prescribed again, but you stayed relaxed and pain-free
Splitting the run due to clothing/weather is totally fine — it doesn’t reduce the training effect
Skipping strides once again is not an issue (we’ll just re-add them later)
The most important signals are:
✔ no hamstring tightness
✔ no soreness
✔ legs feel normal afterward
That tells me your recovery from the long run is good.
Small note for you
You tend to naturally settle around ~5:10–5:20/km on easy days. That’s okay occasionally, but on Thursday I really want you to slow it down a bit (think 5:45–6:05) to stay fresh for Wednesday’s quality session."
,16/12/2025,,,,,,
,17/12/2025,"2 km warm-up
4 × 1 km @ 4:25–4:35/km
2 min easy jog between reps
1.5–2 km cool-down","1.16k@6:12
4.03k@17:33/4:22
1.83k@10:13",3,,"4k is still ok as an interval, not pushing myself to the point that I felt tough. Also 2min rest for each rep is still generous enough for me to rest and go again with more strength in me. Not a bad program but I still think I can push myself harder","Execution: very clean
You averaged 4:22/km, which is faster than the prescribed range.

Effort 3/5: exactly what we want at this stage
You finished feeling in control, not destroyed.

Recovery: 2-min jog is indeed generous for you — that’s why it felt repeatable and strong.

So yes — you’re right: you could push harder.
But right now, not pushing is the correct decision."
,18/12/2025,"5–6 km @ 5:45–6:10/km
HIIT optional, keep intensity low–moderate","5.16k@30:35/5:56
1hr hiit",1,,"Actual recovery run, casual chat with fd and hiit but with easy effort","Effort 1/5 is perfect here. This run did its job: circulation, relaxation, and setting you up for the long run. Nothing more needed."
,19/12/2025,,,,,,
,20/12/2025,"18–19 km total
	•First 13 km @ 5:25–5:40/km
	•Last 5–6 km @ 5:00–5:10/km",18.24k@1:39:35/5:28,2,,"Long run with fds from hk, was slow jog in the beginning as I am still finding them. Also their pace of long run is much slower, then they're doing progressive run which is 5k slow and 5k fast I follow through a bit brining up the pace. But in general this long run was under effort a bit","Yes, this long run was under-target in intensity, but that’s actually fine this week because:
	•	You had a solid interval session midweek
	•	You’re stacking mileage consistently
	•	You avoided fatigue accumulation

Think of this as a “maintenance long run” rather than a progression long run."
,21/12/2025,,,,,,
,22/12/2025,"7–8 km @ 5:35–5:55/km
4 × 100 m relaxed strides",7.63k@40:14/5:16,2,,"Didn't felt any fatigue while running, I thought I kept it around 530 but apparently I ran faster than the expected pace. The effort was easy though and I did also the 4 strides in between of the run","Pace drift (5:16 vs 5:35–5:55) with easy effort = aerobic fitness improving
No fatigue + strides done = good neuromuscular freshness
This is exactly what we want before a quality-heavy week
👉 Don’t “correct” this by forcing yourself slower unless HR or effort creeps up. Easy = effort-based, not pace-policing."
,23/12/2025,,,,,,
,24/12/2025,"2 km warm-up

5 × 1 km @ 4:20–4:25/km
⏱ 90 sec easy jog (reduced from 2 min)

1.5–2 km cool-down","0.96k@4:56
5.03k@22:06/4:24
1.07k@5:55",3,,"My first few reps was slower even after warming up, it might be due to the cold weather. It was tough at the end but I manage to keep the pace, I'm still not sure if I'm struggling at this pace can I do a good job when I did my marathon. Should I do interval faster than my marathon pace","5 × 1 km @ 4:24 average with only 90 sec jog
✔ You completed all reps
✔ Pace stayed controlled (no blow-up)
✔ Tough at the end = correct stimulus

Cold weather + solo running = totally explains why rep 1–2 felt awkward."
,25/12/2025,"5–6 km @ 5:45–6:10/km
HIIT optional → low–moderate only",,,,,
,26/12/2025,,,,,,
,27/12/2025,"18–20 km total

Structure:
	•First 12 km @ 5:25–5:40/km
	•Last 6–8 km @ 5:00–5:10/km",15k@1:20:07/5:20,2,,"Easy run with my friend, didn't finish the whole program since he is tired. His program is a easy and marathon pace interchange, but when we are talking we didn't go up to the target pace","Coach response
	•	Even though shorter, this was still a useful aerobic long run.
	•	Social pace + conversation = true aerobic zone.
	•	You already have multiple 18–19 km runs banked → no loss here."
,28/12/2025,,,,,,
,29/12/2025,"2 km easy warm-up
	•	4 × 1 km @ 4:25–4:30/km
⏱ 90 sec easy jog
	•	1.5–2 km cool-down",,,,,
,30/12/2025,"•	12–14 km @ 5:20–5:40/km
	•	Last 3 km gently progressive → ~5:05–5:15/km",16.41k@1:22:36/5:02,2,,"Last long run before the trip, run a bit more because couldn't run for a while, easy program",
,31/12/2025,,,,,,
,1/1/2026,,,,,,
,2/1/2026,,,,,,
,3/1/2026,,,,,,
,4/1/2026,,,,,,
,5/1/2026,,,,,,
,6/1/2026,,,,,,
,7/1/2026,,,,,,
,8/1/2026,,,,,,
,9/1/2026,,,,,,
,10/1/2026,,,,,,
,11/1/2026,東京ニューイヤーハーフマラソン,,,,,
,12/1/2026,,,,,,
,13/1/2026,,,,,,
,14/1/2026,"12–15 min continuous jog

Pace: slower than 6:00/km

Flat surface only",4:19k@25:05/5:59,1,,"Recovery run after a long long time, was using a wrong posture to run in the beginning so my left heel and outer foot hurt a bit at first. After 2k I adjust my posture and I didn't have that feeling again. Since I have been adjusting my walking posture for quite a while after the injury, my running posture was affected too, I was afraid of hurting my toes once again. But after this running I didn't felt any pain while walking, only a bit pain while bending my toes on purpose, but normal walking and running is not gonna cause the pain. No need to limp again",
,15/1/2026,"30–35 min easy
Pace: ~5:50–6:10/km
Finish with 4 × 20s relaxed strides only if:
Pain during run = 0–1
No toe guarding",5.54k@30:09 / 5:26,1,,"Actually the pain is gone when I run this program, I can even run at 5min pace without any issue",
,16/1/2026,,,,,,
,17/1/2026,"60–70 min easy
Pace: 5:40–6:00/km",,,,,
,18/1/2026,,,,,,
,19/1/2026,,,,,,
,20/1/2026,,,,,,
,21/1/2026,,,,,,
,22/1/2026,,,,,,
,23/1/2026,,7.62k@36:56/4:51,2,,"I was trying to raise my speed and I didn't feel the pain while in the middle of the run, my breath was not worsen cause I haven't run for a while, I'll need to pick up my program again ","•	Toe tolerated faster-than-easy pace
	•	No mechanical pain signal
	•	Cardiovascular system felt relaxed
	•	Your “easy” pace has drifted faster than before the break (normal after rest)"
,24/1/2026,,,,,,
,25/1/2026,,17.76k@1:13:23/5:09,2,,"My feet hurts a bit since my toes cannot bend, it's not muscle pain but the tendon stretch too much. Stopped a few times then it's fine, I should be able to run the half marathon but with a slower pace next week","Positives ✅
	•	Aerobically this was very comfortable
	•	Distance tolerance is there
	•	You managed symptoms by stopping → good awareness
	•	No muscle damage signs

Concern ⚠️ (this is the key)

“Toes cannot bend… tendon stretch too much”

That phrase is important.

This points to:
	•	Big toe flexor / plantar tendon still stiff
	•	Limited toe extension under fatigue
	•	Load tolerance still just below race-level stress

This is not dangerous, but it’s not healed yet."
,26/1/2026,,,,,,
,27/1/2026,,,,,,
,28/1/2026,,,,,,
,29/1/2026,,,,,,
,30/1/2026,,,,,,
,31/1/2026,,,,,,
,1/2/2026,横浜ハーフマラソン,21.17@1:44:40/4:57,3,,"This half marathon was a tough one, I was late to the race and my belly was having some issue, glad I found a toilet. I barely store my luggage and start the run without proper warming up. 

My left stomach hurt until 15k after I ate some gel, maybe it was caused by not warming up enough or eating a onigiri before the run and didn't give it enough time to digest. The feet also hurt throughout the whole race, the original toe pain was gone in the middle of the run but seems my heel was hurt by me constantly walking, but glad it was not the damage from my previous bike crash. I also stopped myself from going faster, telling myself this was not worth it since the full marathon is the main game, I pace myself precisely around 5min, it obviously have faster and slower moment but I manage to control and have discipline throughout the race. 

It was better than I expected as the pain was gone, just 1-2 pain from my heel but that would be gone just resting for a few days. I could start the training for my marathon again","What you did right ✅

You did not race your fitness

You locked into ~5:00/km and stayed there

You ignored competitive impulses

You protected March 29 as the priority

That’s textbook “training race” execution.

About the stomach issue

This was almost certainly:

Late start → stress spike

Onigiri too close to gun time

No warm-up → blood flow redistribution shock

Gel taken while already under GI stress

None of this reflects your fitness.

Fixable, easily."
,2/2/2026,Rest or 20–30 min very easy,,,,,
,3/2/2026,,,,,,
,4/2/2026,Off or 30 min recovery jog,6:36k@31:38/4:58,2,,"Easy run, felt my strength dropped by a lot, running around 5min will need to stop for a few times. The race is only 2months from now, I am probably not being able to pick up the pace again. The pain is almost all gone but just the joint is a bit stiff, will need to pick up the miles and include some interval in the program","You called this an easy run, but objectively:

4:58/km is not recovery pace for you

You ran it 2–3 days after a half marathon

With recent injury + travel fatigue

Stopping a few times at that pace right now is normal, not alarming.

This does not mean your strength “dropped a lot.”
It means you tried to run too fast for the recovery window."
,5/2/2026,,10.65k@57:26/5:24,2,,"Actual recovery run, take it easy and didn't stop in the middle. Was planning to go to running club but as you suggest I shouldn't be doing HIIT then I just go run by myself","This is the strongest signal we’ve had since your half marathon.

It shows:

✅ You can run continuously again

✅ Easy pace is naturally returning to the 5:20–5:30 range

✅ Aerobic efficiency is intact

✅ No protective gait or forced stops

✅ Recovery from the half marathon is progressing normally

Most importantly:
You didn’t force it. You let it come to you. That’s why it worked."
,6/2/2026,"40 min total

35 min easy @ 5:35–5:50/km

Then 4 × 15–20s relaxed strides",18.44k@1:41:34/5:30,2,,"Didn't felt any pain or fatigue in my legs, this distance is still easy for my current physical conditions. It's just running at night after work and I am pretty hungry. I forgot to buy any energy gel with me so I was eagerly going for dinner after the run. I still ran the long run in consecutive day as sat and sun is really snowing and I am not able to run. I will be taking rest for both of the days","First: did you mess up by running 3 days straight?
No. And here’s why.
All three runs were low effort (RPE 2)
Pace was controlled, not drifting
You explicitly reported no pain, no leg fatigue
The “long run” was still well within aerobic comfort for your current fitness
That combo matters more than calendar spacing.
Recovery is about stress × intensity, not just “number of days in a row.”
Three easy days ≠ three hard days.
If this had been:
tempo + intervals + long → I’d stop you immediately
or if you felt stiffness, dead legs, poor sleep → red flag
But none of those happened.
So from a coaching standpoint: this was a smart adaptation to weather, not a panic move.
The real issue I care about (and you should too)
Not your legs.
Fueling.
Running 18 km at night, fasted-ish, hungry, no gel is the one thing I don’t love.
Not because it ruins today — but because:
It increases stress hormones
It slows recovery after
It trains your body to associate long runs with depletion
You got away with it because your aerobic base is solid. Don’t make it a habit.
Rule going forward
75–80 min → bring something (gel, candy, sports drink)
Night runs after work are not the time to play glycogen chicken"
,7/2/2026,"90 minutes
Pace: 5:35–5:55/km",,,,,
,8/2/2026,,,,,,
,9/2/2026,"10–12 km easy @ 5:30–5:45/km

Then 4–6 × 20s relaxed strides",10.62k@54:08/5:06,2,,"A run that felt good. Although running after dinner, I can let it digest for some time and just run in my own pace. I didn't felt going faster than expected, wasn't checking my watch that close and this pace wasn't force but easy run. I did a few stride at the end of the run also.","1️⃣ Your aerobic engine didn’t disappear

Even after:
	•	Toe injury
	•	Forced downtime
	•	A scrappy half marathon
	•	Cold weather + fatigue

You’re naturally settling around ~5:05/km when relaxed.
That’s exactly what I’d expect from a sub-3:10 candidate.

This isn’t fitness loss — it’s rust, and rust comes off fast.

⸻

2️⃣ Your effort–pace relationship is healthy again

Easy pace feels easy.
No breath stress, no forcing, no watch checking.

That’s a green light to:
	•	Keep easy days truly easy
	•	Start structured quality again (carefully)

⸻

3️⃣ The toe is no longer dictating your stride

Strides at the end with no guarding = ✔️
This is the biggest signal that we can progress.

Still:
	•	Walking stiffness ≠ running readiness
	•	We manage load, not ignore it"
,10/2/2026,,,,,,
,11/2/2026,"3 km easy warm-up

3 × 10 min @ ~4:45–4:50/km

2 min easy jog between

2–3 km cool-down",,,,,
,12/2/2026,"8–10 km easy @ 5:35–5:55/km

NO HIIT",13.87k@1:07:57/4:54,6,,"The run is actually tiring, I did the two laps instead of 3. Going faster pace drains the stamina fast but refreshing, nice run ",
,13/2/2026,,,,,,
,14/2/2026,"18–20 km @ 5:25–5:45/km

Last 3–4 km gently progressive → ~5:05–5:15/km

Fuel: gel or carbs around 60 min",22.14k@1:54:55/5:11,4,,"Almost twist my feet when some random kids run around, now my right toes was twist a bit too but not too serious, can run and walk without issue. Today was a bit hot so the run was tougher, I stopped a few times towards the end of the run","That’s a solid effort. Maybe a bit too solid.

5:11/km average for 22 km means you ran a large portion quicker than prescribed.

RPE 4 is still controlled, but you are drifting toward “training on feel” instead of executing structure.
"
,15/2/2026,,,,,,
,16/2/2026,"12 km easy
5:25–5:45/km",,,,,
,17/2/2026,,"1.98k@10:24/5:15
11.23k@59:12/5:16",2,,"Accidentally stopped the watch thus separating the run in two. Simply go with the flow easy run, felt the pain in the feet cause I didn't run properly. I was kind of bending my toes a bit due to the injury, but in this run I try ignoring it and run straightly, the pain was gone and the run was smooth, really easy run didn't felt any struggle this run","~13 km at 5:16/km (RPE 2) confirms aerobic fitness is strong and easy pace is naturally improving. The key takeaway was mechanical — when I stopped subconsciously guarding the previously injured toe and ran with normal push-off mechanics, the discomfort disappeared, indicating the issue was protective compensation rather than active tissue irritation. Effort remained genuinely easy, though pace drifted slightly faster than prescribed, which is not harmful now but requires discipline to avoid accumulating gray-zone fatigue over time. Overall this was a stable aerobic run with positive biomechanical feedback and no signs of overload."
,18/2/2026,"•	3 km easy
	•	3 × 12 min @ 4:40–4:45/km
	•	2–3 min easy jog
	•	2–3 km cool down","3.44k@18:01
7.67k@36:12/4:43
2.19k@11:34",6,,"Easy run for warm up and cool down. Actually I was not getting used to this pace now as I haven't been running fast for some time, the first rep was a bit rough for me and I thought I cannot kept the pace. Until the second or the third rep, I started picking up the pace. Still this shouldn't be hard for me in the past, 443 was simply a faster warm up for me. I might need to train my speed a little more?","Completed 3 × 12 min at ~4:43/km (RPE 6). First rep felt uncomfortable due to lack of recent threshold exposure, but rhythm improved significantly by the second and third reps, indicating aerobic capacity is intact and lactate clearance simply needed activation. Effort remained controlled and sustainable, appropriate for marathon-specific threshold work. No signs of speed loss—this was a rhythm readjustment rather than a fitness limitation. Session confirms current fitness is stable and progressing appropriately toward marathon specificity."
,19/2/2026,"8–10 km
5:35–5:55/km","5.30k@32:53/6:13
1 hr hiit",2,,"Easy run and hiit with running club, was nice seeing friend but some hiit was tired for my toe","5.3 km very easy at 6:13/km served as proper recovery after threshold session. However, the additional 1-hour HIIT introduced multi-directional and high-impact stress, which caused noticeable toe fatigue. While no acute pain was reported, this type of instability load carries higher risk during marathon-specific preparation and should be limited moving forward. Overall recovery remains good, but non-running intensity must be managed carefully to protect foot durability."
,20/2/2026,,,,,,
,21/2/2026,"24 km total

Structure:
	•	16 km @ 5:25–5:40
	•	6 km @ 4:55–5:00
	•	2 km easy cool down",25:49k@2:14:46/5:17,3,,"Good long run, haven't been running along the river after I moved. The weather was warmer and I can run with constant pace, running along side some marathon racer and might brought myself a bit faster. I did bring up the pace a bit at the end.","25.5 km long run at 5:17/km (RPE 3) demonstrates strong aerobic durability and controlled effort in warmer conditions. Marathon-pace segment was executed smoothly with slight pace lift toward the end without significant strain, indicating improving endurance and pace control. Running alongside other marathoners provided positive rhythm reinforcement without overexertion. Overall session confirms stable fitness progression and readiness to gradually increase marathon-specific workload in the coming weeks.
"
,22/2/2026,,,,,,
,23/2/2026,"12–13 km easy
5:25–5:45/km",10.56k@58:08/5:30,3,,"Maybe it's not enough sleep, with this pace I still feel a bit out of breath when I'm running in the beginning few km. In general it was a easy run but I didn't finish 12 since I want to order my breakfast and the breakfast hour is almost finished","10.6 km easy at 5:30/km (RPE 3) showed mild early breathing discomfort likely due to residual long-run fatigue and suboptimal sleep, but effort normalized after initial kilometers. Overall aerobic effort remained controlled and no mechanical issues were present. Slightly elevated perceived effort indicates normal training load accumulation during peak phase rather than overreaching. Shortening the run due to external timing constraints was appropriate given its recovery purpose.
"
,24/2/2026,,,,,,
,25/2/2026,"3 km easy
2 × 18 min @ 4:38–4:45/km
3 min easy jog between
2–3 km cool down",,,,,
,26/2/2026,"8–10 km
5:35–6:00/km","3.43k@17:27
8.20k@38.03/4:39
3.79k@19.02",5,,"I push back the quality program for one day as it's raining. Not sure it's the training actually works or I had coffee or I wore back my old boston 12 which is perfectly fit my feet. This run went super well and I am not very tired in the run, I could even go faster and run more after the program","Completed 2 × 18 min threshold session averaging 4:39/km with RPE 5. Effort remained controlled throughout and athlete reported ability to extend pace, indicating strong aerobic condition without overreaching. Mechanical response was stable and session was executed with appropriate restraint. Training adaptation trending positively entering peak marathon-specific block."
,27/2/2026,,12.48k@1:07:26/5:24,2,,"Easy slow jog, going further than I expected, went for sushi at around 9k and run back home afterwards. Chill and nice run","12.48 km easy at 5:24/km (RPE 2) the day after threshold session. Effort remained very light with no residual fatigue, indicating strong aerobic recovery and good training absorption. Athlete extended distance naturally without strain, demonstrating improving endurance durability. Overall condition remains stable entering next key session."
,28/2/2026,"26–27 km total

Structure:
	•	14–16 km @ 5:25–5:40
	•	8–10 km @ 4:55–5:00
	•	1–2 km easy cool down",28.08k@2:20:25/5:00,4,,"The average pace was faster than I expected, I was chill running today but maybe the weather today is too good I just go faster a bit. Today is sunny and not too cold, I was wearing more than I should be and maybe I can go even faster if I am wearing short pants. I am actually do negative pacing, I checked the split and it was around 5min in the first half and 4min ish in the last. Strong finish and I can go for more next week","Completed 28.08 km long run averaging 5:00/km with negative split and RPE 4. Session exceeded planned volume slightly and evolved into a progressive sustained aerobic effort rather than strictly structured pace blocks. Athlete demonstrated strong aerobic control and finished with reserve, indicating improving endurance capacity. Load was significant but manageable; consolidation and controlled progression next week are advised."
,1/3/2026,,,,,,
,2/3/2026,"8–10 km
5:40–6:00/km",9.33k@50:05/5:22,2,,"Easy jog, just a few round in my local park. Easy and no pain",9.33 km easy at 5:22/km (RPE 2). Effort remained light with no residual fatigue or foot discomfort following prior long run. Aerobic efficiency continues to improve as moderate paces feel relaxed. Session served as effective recovery and circulation stimulus heading into quality midweek work.
,3/3/2026,,,,,,
,4/3/2026,"3 km easy
3 × 12–15 min @ 4:40–4:45/km
3 min jog between
2–3 km cool down","3.43k@17:42
10.03k@46:58/4:41
1.11k@5:36",4,,"I was mistaken the pace at the first rep, I thought it was 4:50-5 min so I was slower than the expected pace. Though in the next 2 rep I feel like I'm doing ok so I went faster and at last the pace was around the original expected pace. Good and quality session","Threshold session completed with 3 × ~15 min averaging 4:41/km after a 3.4 km warm-up. The first rep started slightly conservative due to pace confusion but pacing stabilized well in the following reps. Effort remained controlled (RPE 4) and aerobic strength is clearly returning after the injury break. This was a strong quality workout with good pacing discipline and no foot issues, setting up the remainder of the week and the upcoming long run well."
,5/3/2026,"10–12 km
5:35–5:50/km",8.57k@45:22/5:18,2,,"Was too hungry and cold so I cut short the session, was struggling to get out because of the cold.","Easy run shortened to 8.57 km due to cold weather and hunger, but effort remained very low (RPE 2) and the run served as light aerobic recovery after the previous day’s threshold session. Although pace drifted slightly faster than intended, overall fatigue appears controlled and the adjustment likely helps maintain freshness heading into the upcoming marathon-specific long run."
,6/3/2026,"8–10 km total

Inside:
4–5 km @ 4:55–5:00/km",,,,,
,7/3/2026,"30–31 km max

Structure:
	•	18–20 km @ 5:25–5:40
	•	8 km @ 4:55–5:00
	•	2–3 km easy",31.25k@2:38:01/5:03,4,,"Seeing the split my pace was pretty stable, I was staying around 5min all the time. I stopped quite a lot at the end of the run as I'll have to wait for the lights. Also the wind is too strong that blows until I couldn't stand up straight. I didn't feel tired until around 2x k, maybe coming back the wind is blowing too strong causing me to not able to run properly. I know the pace was faster than expected but I didn't force it just running naturally.",
,8/3/2026,,,,,,
,9/3/2026,,,,,,
,10/3/2026,"10–12 km easy

Pace: 5:35–5:50/km",10.51k@53:42/5:07,2,,"Light jog, surprisingly light my body is after the skiing trip. Maybe resting for a day did help, and some caffeine.","Easy recovery run of 10.5 km completed after a rest day following the long run and skiing weekend. Effort remained very low (RPE 2) despite a slightly faster pace, suggesting good recovery and adaptation to the previous training load. Legs felt light and relaxed, indicating readiness to resume structured workouts later in the week."
,11/3/2026,"10–11 km

Pace: 5:30–5:45/km",11.10k@1:00:27/5:27,1,,"Really easy run, had a dinner in the middle and start picking up the run so not even running fast","Easy recovery run at very low effort. Despite averaging 5:27/km, the run felt effortless (RPE 1), indicating good recovery from the previous long run and skiing fatigue. The mid-run dinner stop made the session even more relaxed, and the purpose of the run—maintaining aerobic volume while keeping the legs fresh—was achieved. Overall a positive sign that fatigue is under control and the body is ready for the upcoming marathon-pace workout."
,12/3/2026,"16 km
        •        3 km easy
        •        10 km @ marathon pace (4:28–4:32)
        •        3 km cool down
","3.49k@18:10
10.02k@44:31/4:27
3.49k@19:19",5,,"It was actually easier than I expected, when I first started my 10k I felt outside of my calves is pretty tight. My only thought is can I kept this on for the full marathon? I haven't been doing speed session throughout my program, especially after my injury. After the rest, at the second half of 5k it actually felt easier, at the end there was a guy with also 4min pace and I follow for a while. I can follow through and I can still finish strong and went a bit faster too. However after going faster for around 2k I felt bit tired and last jog is essential to cool down.","Strong marathon-pace workout. After a 3 km warm-up, completed 10 km at 4:27/km, slightly faster than the planned marathon pace range. The outer calves felt tight at the beginning, but the pace settled after a few kilometers and the effort became smoother. Following another runner in the later stage helped maintain rhythm, and a small surge for about 2 km showed there was still energy in reserve. Fatigue appeared after the faster segment, making the cooldown jog important for recovery. Overall a very positive session indicating marathon pace is sustainable and controlled."
,13/3/2026,"8–10 km easy

5:35–5:50/km",,,,,
,14/3/2026,"32 km

Wear the Adidas Adizero Adios Pro 4

Structure:

• 18 km @ 5:25–5:35/km
• 10 km @ 4:28–4:32/km (MP)
• 4 km easy cool down",,,,,
,15/3/2026,,36.08k@2:53:51/4:49,5,,"Good weather for a long run. I was wearing my pro4 and it was better than I expected, at the start I am slowly going 5:20 effort but it became 5min pace. I run until 20k to ramp up the pace since I had a friend running marathon at the same route. I have been waiting a bit and wait to take a photo of him, that's why the distance was longer, I wasn't meant to exceed 32k. The rpe should be 4 but this long run I follow my friend for a while and he is finishing with 240. I followed for around a k or 2 then I go back to my marathon pace. But it's good to run with a friend and took some photo with him. It makes this long run split into a few parts only,","Final long run before taper completed with stronger-than-planned pace. Intended 32 km progressed to 36 km due to waiting for and briefly running with a friend on the course. Pace naturally drifted faster early (around 5:00/km) despite aiming for 5:25–5:35, and the MP section was mixed with a short faster segment while following the friend finishing a 2:40 marathon. RPE slightly higher than planned (5 vs 4), but overall effort remained controlled. The run served as a good race simulation in the Adidas Adizero Adios Pro 4, confirming comfort and efficiency over long distance. Endurance felt solid and the run was mentally easier by breaking it into segments while meeting the friend on course."
,16/3/2026,,,,,,
,17/3/2026,,,,,,
,18/3/2026,"•	3 km easy
	•	5 km @ marathon pace (~4:30/km)
	•	2 km easy","3.47k@17:50
5.23k@22:54/4:22
1.21k@5:53",4,,"The 5k was faster than I expected but I actually stop for a few times, I'm waiting at the light so I got some time to catch my breath. I am a bit tired though but maybe that's since I was not following the pace but faster. It was not too tired at the end but starting and in the middle for me I felt like keeping the pace at that would be a bit hard.","Short marathon-pace session during taper phase. The 5 km segment was run faster than planned at 4:22/km, partly due to inconsistent pacing and interruptions from traffic lights. Effort felt slightly harder than expected, especially early and mid-run, likely influenced by residual fatigue from the recent 36 km long run. Despite this, the session was completed without major struggle. Overall, a normal taper-phase workout where legs feel slightly heavy, but no negative signals."
,19/3/2026,8–10 km easy,8.39k@45:18/5:24,1,,"Real easy run, go for dinner in the middle and continue","Solid easy run exactly as intended for this stage of the taper. The pace stayed comfortably within range and the overall effort was clearly low, which is the main goal right now. Stopping mid-run didn’t negatively impact the session—if anything, it reflects a relaxed mindset and low accumulated stress, both positive signs this close to race day. Legs are moving, fatigue is coming down, and there’s no indication of overreaching. Continue to keep runs easy and controlled, focusing on freshness rather than structure or performance."
,20/3/2026,,,,,,
,21/3/2026,,,,,,
,22/3/2026,12–14 km easy,12.75k@1:03:42/5:00,2,,"Moved to Sunday since Saturday was busy. Stopped a few times as there was a race at my usual running route, I did raise my pace at last few km but not strictly around 430 but a bit slower. Ranging from 423 to 441, but I think this is a good tapering long run ","Steady taper run with good overall control. Pace was slightly quicker than typical easy effort but remained comfortable and did not turn into a hard session. The faster closing kilometers provided a light marathon pace stimulus without adding fatigue, which is appropriate at this stage. Interruptions during the run did not impact the purpose of the session. Overall, this was an effective taper run that maintained rhythm while allowing continued recovery."
,23/3/2026,"6–8 km easy
Pace: ~5:20–5:40/km",5.75k@31:34/5:30,1,,"Easy run, cut short since hungry","Easy taper run executed within target pace range. Shortening the run due to hunger did not impact the purpose of the session, as overall intensity remained low and controlled. This continues to support recovery while maintaining movement during the taper phase. No concerns from this run, and overall progression toward race readiness remains on track."
,24/3/2026,,,,,,
,25/3/2026,"~7–9 km total
	•	2 km easy
	•	3–4 km @ MP (4:28–4:32/km)
	•	1–2 km easy",,,,,
,26/3/2026,5–6 km very easy + strides,5.35k@26:17/4:55,3,,"Chill jog and 2k mp as the modify program, I should be not going to full mp but chilling a bit. Overall a easy run just to get warm up before the race","Short taper session executed well with controlled effort throughout. The inclusion of a brief marathon pace segment served as a light neuromuscular reminder without introducing fatigue. Overall intensity remained appropriate for race week, and the run achieved its purpose of keeping the legs responsive while maintaining freshness. No concerns at this stage, and readiness for race day is on track."
,27/3/2026,,,,,,
,28/3/2026,,,,,,
,29/3/2026,FUKUI MARATHON!,42.25k@3:18:34/4:42,8,,"I was very upset about this race. The first 30k was perfectly executed race. I managed to keep every km in 430 pace, you know there was even a Japanese came and thank me for such steady pace and he can follow quite comfortably. In the first 30k I was thinking I can do this forever, nothing would happen and I can do 310 since the execution was so perfect. But the temperatures creeps from 13 to 19 and the sun is directly shinning without any shades to us after 30k. I still felt ok on my breath but I felt a little cramp in my back of my calves. I said to myself it was normal and I had cramping every time I did a full marathon. This time was different, once a few steps there was another cramp, my pace dropped to 440 but I still felt I can managed it just add more at the end. But until one point the cramping was so strong that I cannot bend my legs anymore and I felt to the ground, there was instantly staff asking if I'm alright and helped me do massaging, it was better after that and I can run a little bit. But it was dropping to slow jog pace and the cramping still happens from time to time. I felt like I can do 310 this time since it was like a easy run for the first 30k, I still didn't felt very exhausted until the end, if my legs were better I can definitely perform better. Weather is a very crucial factor and luck was not ok my side this time. I felt so frustrated after this race since I've been preparing for so long, despite my injury I still kept my training.",
,30/3/2026,,,,,,
,31/3/2026,,,,,,
,1/4/2026,,,,,,
,2/4/2026,,,,,,
,3/4/2026,,,,,,
,4/4/2026,,,,,,
,5/4/2026,,,,,,